,iter,rank,l2,time_train,time_hr,error,hr1_valid,hr1_test,hr3_valid,hr3_test,hr10_valid,hr10_test,mrr_valid,mrr_test
1,2.0,25.0,3.0,107.42480063438416,1012.864410161972,0.41300955926719113,0.07474,0.07421577423778165,0.11408,0.11462477357755921,0.1876,0.1862673731611112,0.11329328651150049,0.1125709629181933
2,2.0,50.0,3.0,143.02598595619202,903.3087587356567,0.40012784163509646,0.08374,0.0826632357671277,0.13188,0.13182441468741007,0.2156,0.21367506898478103,0.1298993343392885,0.1289951296305775
3,2.0,100.0,3.0,302.3660480976105,1027.2765698432922,0.38482348681229633,0.10214,0.09911801052970154,0.16572,0.16393831152342098,0.28248,0.27934180900949707,0.16098635025545402,0.15828068437207546
4,2.0,200.0,3.0,919.4406750202179,1364.6522459983826,0.38998453689215545,0.12876,0.12757529075180715,0.22236,0.2176871899917049,0.35406,0.3505950466387906,0.20339689146887904,0.20099945472418784
5,2.0,300.0,3.0,2396.7118372917175,2056.4679119586945,0.39098626011641835,0.13516,0.13456687714783905,0.24018,0.23827258722554215,0.36808,0.36198811599600483,0.21448871084556564,0.2126422865734031
6,2.0,400.0,3.0,4415.820151567459,2514.039262533188,0.3914456796056865,0.15384,0.1497012070220582,0.25598,0.25322070051294204,0.38426,0.3806267034585499,0.23200972754287952,0.22822705787129946
