,iter,rank,l2,time_train,time_hr,error,hr_valid,hr_test
1,2.0,25.0,3.0,96.81222176551819,607.9823818206787,0.4296885587896364,0.16359755587176697,0.1612462518408119
2,2.0,50.0,3.0,131.78926277160645,800.068589925766,0.4068000508562045,0.21480287938394577,0.21218573126807544
3,2.0,100.0,3.0,285.5741231441498,1205.46422123909,0.3892910755613421,0.27569682765547837,0.2735756995085254
4,2.0,200.0,3.0,985.0665440559387,2482.327854156494,0.3908097878284248,0.3233029212354566,0.3152534554035592
5,2.0,250.0,3.0,1574.1999895572662,3265.579625606537,0.38798847089683247,0.3251653134678162,0.32426678022036515
