,iter,rank,l2,time_train,time_hr,error,hr_valid,hr_test
1,2.0,25.0,3.0,56.80476474761963,199.79243516921997,0.512390464113143,0.2118370934661588,0.20786855592402773
2,2.0,50.0,3.0,76.36384296417236,262.31017804145813,0.45891320043954303,0.30167008496923525,0.2953472012863029
3,2.0,100.0,3.0,170.9104106426239,404.3035743236542,0.45938306950648855,0.3067096396132435,0.30519545774294043
4,2.0,200.0,3.0,600.2218949794769,865.1495752334595,0.44993070212813524,0.35511280398476414,0.3512209828157974
5,2.0,250.0,3.0,964.7113573551178,1158.1167895793915,0.4586650483942292,0.3852915323762086,0.38262486182293237
