,iter,rank,l2,time_train,time_hr,error,hr1_valid,hr1_test,hr3_valid,hr3_test,hr10_valid,hr10_test,mrr_valid,mrr_test
1,2.0,25.0,3.0,57.915907859802246,173.99179244041443,0.5048206345072269,0.0872540633019675,0.08506791752174338,0.17000285143997718,0.16950063519984365,0.2847447961220416,0.2821753151568455,0.15161591046215162,0.15005763600469102
2,2.0,50.0,3.0,77.45959520339966,187.9047269821167,0.4679760934129546,0.10841174793270601,0.10969412684452262,0.1741089250071286,0.17155281931007524,0.27858568577131454,0.2720609791849897,0.16533537085120312,0.16418167783324733
3,2.0,100.0,3.0,170.230220079422,245.6989529132843,0.45424990591826203,0.12130025662959795,0.11873350923482849,0.20986598232107215,0.20360598065083554,0.3354433989164528,0.33030391869442,0.1918702397370533,0.18784134766870367
4,2.0,200.0,3.0,601.2796812057495,372.7572786808014,0.44854751261077663,0.14337040205303678,0.14199159581745333,0.24875962360992301,0.24655526238639694,0.39954376960364985,0.39699990227694715,0.2269741222149063,0.2252267758936146
5,2.0,300.0,3.0,1388.5577125549316,622.9855828285217,0.4407293150594339,0.16618192187054462,0.16290432913124206,0.26672369546621044,0.2601876282615069,0.4061591103507271,0.403205316134076,0.24522659585889028,0.2410691596971906
6,2.0,400.0,3.0,2581.1521661281586,756.8412327766418,0.4483642382037889,0.1855717137154263,0.17673214111208835,0.2964357000285144,0.2876478061174631,0.4461362988309096,0.43994918401250854,0.26999989705545313,0.26223173885149853
7,2.0,600.0,3.0,6361.325324773788,1095.1694712638855,0.4362041303829581,0.15106928999144567,0.1479038405159777,0.25811234673510125,0.2529072608228281,0.39366980325064155,0.38688556630509136,0.23325261642480327,0.2288861998854422
8,2.0,700.0,3.0,9149.126647949219,1254.2019999027252,0.43882019522136345,0.19743370402053037,0.19114629141014366,0.3141716566866267,0.30401641747288183,0.44967208440262335,0.4459591517639011,0.2823876969544373,0.2753060500159684
