,iter,rank,l2,time_train,time_hr,error,hr1_valid,hr1_test,hr3_valid,hr3_test,hr10_valid,hr10_test,mrr_valid,mrr_test
1,2.0,25.0,3.0,78.4758129119873,113.03884959220886,0.4942492825545847,0.0112,0.012,0.0178,0.0204,0.0308,0.0354,0.017554012129082645,0.019617307012854333
2,2.0,50.0,3.0,96.9077000617981,135.72462272644043,0.46272557625038085,0.015,0.0124,0.0222,0.0174,0.0318,0.03,0.021343380519021224,0.018475927738691222
3,2.0,100.0,3.0,203.52641582489014,183.14508509635925,0.4494108978040413,0.007,0.005,0.0154,0.0134,0.0242,0.0228,0.013402638797090572,0.011928498571452183
4,2.0,200.0,3.0,685.2068164348602,326.3737814426422,0.45565941998202003,0.0156,0.0144,0.023,0.023,0.037,0.038,0.022814800910171042,0.02253379824742216
5,2.0,300.0,3.0,1605.2961089611053,445.61481070518494,0.45824236837130883,0.012,0.012,0.0224,0.0246,0.0344,0.0398,0.020687859379117383,0.022955213210137618
6,2.0,400.0,3.0,3134.6987869739532,551.5520446300507,0.47097924696339205,0.0184,0.0198,0.0276,0.0298,0.0392,0.0434,0.026412805006457797,0.028456160180587733
7,2.0,600.0,3.0,8051.828079223633,808.9128234386444,0.48773073283059376,0.0222,0.0242,0.034,0.0346,0.0486,0.0528,0.031608332091884885,0.03400397240824718
