,iter,rank,l2,time_train,time_hr,error,hr1_valid,hr1_test,hr3_valid,hr3_test,hr10_valid,hr10_test,mrr_valid,mrr_test
1,2.0,25.0,3.0,49.0282723903656,61.21921181678772,0.49658088525545224,0.004614370468029005,0.004148053605615826,0.0065919578114700065,0.010848755583918315,0.013843111404087014,0.018506700701978303,0.007630990103543702,0.008887707273917725
2,2.0,50.0,3.0,69.09799289703369,72.83942937850952,0.504269725021373,0.001977587343441002,0.0035098915124441607,0.0065919578114700065,0.009253350350989151,0.016479894528675015,0.018187619655392468,0.006618463757356428,0.00863504838709037
3,2.0,100.0,3.0,131.9018313884735,102.556725025177,0.49335928216580727,0.003955174686882004,0.005424377791959157,0.008239947264337508,0.01148691767708998,0.018787079762689517,0.022335673261008295,0.009343588396229119,0.01140355739116266
4,2.0,200.0,3.0,458.6171326637268,186.1824505329132,0.47195958762007806,0.006262359920896506,0.003190810465858328,0.01054713249835201,0.006062539885130823,0.02241265655899802,0.0204211869814933,0.011904111019696578,0.008921052132052422
5,2.0,300.0,3.0,1073.498654127121,261.7433190345764,0.4689773057786744,0.008899143045484509,0.008934269304403318,0.014831905075807514,0.017868538608806637,0.02801582069874753,0.02744097000638162,0.01517133796444187,0.016021513898358732
6,2.0,400.0,3.0,2153.167999267578,328.3187470436096,0.4918712994854293,0.010876730388925511,0.008934269304403318,0.01812788398154252,0.018506700701978303,0.03361898483849703,0.03509891512444161,0.018609291201580426,0.018686384724779636
7,2.0,600.0,3.0,5485.094754219055,478.4219744205475,0.4694178833384222,0.006921555702043507,0.008296107211231652,0.01054713249835201,0.014996809189534142,0.025708635464733027,0.026483726866624122,0.013020774743552845,0.015005061591191093
